id,output
0,0
4,0
10,0
14,0
21,0
26,0
29,0
48,0
49,0
50,0
51,0
62,0
72,0
75,0
82,0
85,0
89,0
90,0
93,0
101,0
107,0
117,0
120,0
135,0
137,0
155,0
160,0
161,0
168,0
169,0
175,0
185,0
187,0
189,0
195,0
210,0
211,0
219,0
220,0
221,0
222,0
227,0
230,0
232,0
236,0
239,0
243,0
249,0
250,0
255,0
258,0
259,0
260,0
276,0
277,0
287,0
295,0
306,0
307,0
308,0
309,0
319,0
342,0
343,0
344,0
347,0
352,0
356,0
364,0
365,0
366,0
368,0
372,0
394,0
407,0
411,0
413,0
420,0
423,0
428,0
432,0
436,0
438,0
444,0
448,0
455,0
456,0
461,0
464,0
467,0
476,0
479,0
483,0
491,0
494,0
495,0
501,0
509,0
517,0
518,0
527,0
534,0
536,0
541,0
543,0
547,0
549,0
550,0
556,0
560,0
562,0
568,0
574,0
578,0
580,0
584,0
589,0
591,0
602,0
605,0
607,0
609,0
619,0
620,0
624,0
625,0
627,0
629,0
636,0
640,0
643,0
646,0
650,0
654,0
662,0
666,0
667,0
680,0
686,0
694,0
699,0
707,0
714,0
725,0
728,0
731,0
746,0
747,0
748,0
756,0
758,0
769,0
776,0
781,0
783,0
786,0
794,0
796,0
797,0
800,0
802,0
803,0
805,0
806,0
811,0
824,0
830,0
843,0
868,0
876,0
878,0
885,0
886,0
892,0
896,0
904,0
905,0
906,0
912,0
920,0
923,0
924,0
927,0
928,0
932,0
935,0
938,0
942,0
949,0
951,0
954,0
961,0
963,0
967,0
968,0
969,0
973,0
976,0
977,0
984,0
987,0
988,0
991,0
994,0
1007,0
1025,0
1029,0
1033,0
1034,0
1036,0
1042,0
1045,0
1050,0
1054,0
1056,0
1059,0
1065,0
1071,0
1074,0
1084,0
1085,0
1092,0
1097,0
1100,0
1107,0
1115,0
1123,0
1135,0
1138,0
1141,0
1142,0
1153,0
1154,0
1155,0
1157,0
1158,0
1160,0
1162,0
1167,0
1169,0
1170,0
1173,0
1175,0
1180,0
1188,0
1191,0
1195,0
1199,0
1204,0
1224,0
1225,0
1238,0
1247,0
1262,0
1266,0
1268,0
1278,0
1284,0
1287,0
1299,0
1301,0
1305,0
1308,0
1317,0
1327,0
1335,0
1336,0
1355,0
1356,0
1358,0
1359,0
1364,0
1365,0
1367,0
1370,0
1371,0
1372,0
1385,0
1397,0
1408,0
1413,0
1418,0
1425,0
1428,0
1434,0
1436,0
1440,0
1442,0
1448,0
1452,0
1455,0
1459,0
1463,0
1472,0
1473,0
1474,0
1475,0
1483,0
1484,0
1485,0
1499,0
1500,0
1505,0
1520,0
1529,0
1533,0
1543,0
1547,0
1553,0
1556,0
1563,0
1564,0
1574,0
1584,0
1588,0
1596,0
1597,0
1608,0
1609,0
1610,0
1615,0
1618,0
1620,0
1621,0
1625,0
1633,0
1634,0
1645,0
1647,0
1668,0
1677,0
1686,0
1698,0
1703,0
1710,0
1714,0
1719,0
1720,0
1722,0
1732,0
1734,0
1738,0
1747,0
1760,0
1769,0
1771,0
1797,0
1801,0
1804,0
1806,0
1808,0
1814,0
1818,0
1824,0
1832,0
1837,0
1844,0
1849,0
1851,0
1854,0
1855,0
1859,0
1864,0
1879,0
1881,0
1883,0
1884,0
1886,0
1897,0
1903,0
1905,0
1908,0
1910,0
1913,0
1917,0
1921,0
1929,0
1932,0
1933,0
1934,0
1935,0
1939,0
1946,0
1953,0
1954,0
1958,0
1960,0
1961,0
1964,0
1967,0
1970,0
1978,0
1986,0
1994,0
1997,0
2004,0
2008,0
2010,0
2013,0
2020,0
2021,0
2029,0
2030,0
2032,0
2041,0
2045,0
2050,0
2053,0
2056,0
2062,0
2065,0
2067,0
2072,0
2075,0
2086,0
2090,0
2094,0
2106,0
2110,0
2113,0
2116,0
2122,0
2124,0
2140,0
2144,0
2152,0
2158,0
2160,0
2171,0
2174,0
2177,0
2181,0
2182,0
2185,0
2188,0
2207,0
2218,0
2221,0
2222,0
2224,0
2231,0
2236,0
2259,0
2260,0
2268,0
2274,0
2278,0
2281,0
2287,0
2294,0
2295,0
2305,0
2308,0
2311,0
2319,0
2320,0
2321,0
2324,0
2327,0
2330,0
2332,0
2336,0
2339,0
2340,0
2343,0
2347,0
2349,0
2350,0
2353,0
2357,0
2360,0
2362,0
2366,0
2368,0
2371,0
2374,0
2375,0
2386,0
2390,0
2396,0
2402,0
2406,0
2409,0
2412,0
2413,0
2415,0
2422,0
2426,0
2445,0
2450,0
2451,0
2464,0
2468,0
2471,0
2475,0
2477,0
2484,0
2486,0
2500,0
2509,0
2511,0
2513,0
2517,0
2534,0
2551,0
2553,0
2554,0
2561,0
2569,0
2573,0
2576,0
2578,0
2579,0
2580,0
2583,0
2591,0
2593,0
2601,0
2602,0
2604,0
2609,0
2611,0
2612,0
2626,0
2628,0
2630,0
2633,0
2640,0
2643,0
2647,0
2650,0
2655,0
2660,0
2662,0
2663,0
2675,0
2677,0
2685,0
2693,0
2706,0
2710,0
2719,0
2725,0
2733,0
2737,0
2747,0
2751,0
2756,0
2759,0
2765,0
2769,0
2770,0
2791,0
2795,0
2798,0
2799,0
2802,0
2806,0
2829,0
2837,0
2842,0
2849,0
2857,0
2858,0
2864,0
2865,0
2871,0
2872,0
2873,0
2884,0
2889,0
2900,0
2910,0
2923,0
2925,0
2926,0
2928,0
2929,0
2931,0
2933,0
2938,0
2952,0
2960,0
2968,0
2969,0
2973,0
2975,0
2980,0
2982,0
2983,0
2992,0
2999,0
3002,0
3003,0
3010,0
3014,0
3015,0
3021,0
3022,0
3023,0
3025,0
3028,0
3038,0
3040,0
3043,0
3044,0
3046,0
3057,0
3058,0
3059,0
3063,0
3069,0
3073,0
3078,0
3079,0
3084,0
3093,0
3106,0
3114,0
3115,0
3116,0
3123,0
3124,0
3137,0
3140,0
3141,0
3144,0
3146,0
3147,0
3150,0
3156,0
3158,0
3160,0
3169,0
3180,0
3182,0
3183,0
3188,0
3190,0
3193,0
3207,0
3209,0
3210,0
3212,0
3218,0
3219,0
3225,0
3234,0
3237,0
3239,0
3240,0
3243,0
3248,0
3249,0
3263,0
3271,0
3276,0
3285,0
3286,0
3287,0
3288,0
3289,0
3296,0
3320,0
3321,0
3327,0
3331,0
3337,0
3344,0
3345,0
3346,0
3349,0
3351,0
3355,0
3360,0
3361,0
3368,0
3369,0
3372,0
3378,0
3387,0
3391,0
3392,0
3404,0
3413,0
3419,0
3443,0
3446,0
3454,0
3455,0
3457,0
3462,0
3474,0
3487,0
3498,0
3499,0
3500,0
3504,0
3509,0
3521,0
3534,0
3539,0
3540,0
3543,0
3549,0
3559,0
3565,0
3576,0
3584,0
3595,0
3604,0
3606,0
3609,0
3611,0
3614,0
3627,0
3630,0
3634,0
3635,0
3636,0
3640,0
3644,0
3651,0
3653,0
3659,0
3667,0
3673,0
3691,0
3692,0
3695,0
3711,0
3713,0
3726,0
3728,0
3732,0
3734,0
3742,0
3749,0
3753,0
3754,0
3759,0
3762,0
3763,0
3770,0
3777,0
3781,0
3785,0
3786,0
3790,0
3795,0
3799,0
3804,0
3807,0
3816,0
3827,0
3830,0
3831,0
3835,0
3836,0
3840,0
3851,0
3860,0
3866,0
3868,0
3873,0
3874,0
3875,0
3883,0
3885,0
3888,0
3890,0
3891,0
3900,0
3908,0
3919,0
3926,0
3930,0
3936,0
3942,0
3944,0
3945,0
3975,0
3984,0
3985,0
3986,0
3990,0
3991,0
4005,0
4009,0
4016,0
4018,0
4022,0
4024,0
4031,0
4037,0
4040,0
4049,0
4054,0
4061,0
4065,0
4067,0
4071,0
4073,0
4085,0
4091,0
4103,0
4110,0
4117,0
4129,0
4144,0
4146,0
4157,0
4164,0
4168,0
4169,0
4173,0
4184,0
4189,0
4194,0
4197,0
4201,0
4212,0
4213,0
4219,0
4232,0
4233,0
4236,0
4237,0
4249,0
4251,0
4254,0
4257,0
4260,0
4263,0
4271,0
4273,0
4285,0
4288,0
4290,0
4300,0
4301,0
4306,0
4310,0
4311,0
4318,0
4324,0
4327,0
4336,0
4352,0
4362,0
4367,0
4372,0
4374,0
4376,0
4382,0
4388,0
4395,0
4400,0
4401,0
4402,0
4409,0
4411,0
4418,0
4431,0
4432,0
4435,0
4438,0
4441,0
4447,0
4458,0
4464,0
4472,0
4477,0
4480,0
4494,0
4496,0
4500,0
4507,0
4515,0
4531,0
4533,0
4541,0
4546,0
4547,0
4548,0
4554,0
4559,0
4575,0
4578,0
4587,0
4601,0
4603,0
4614,0
4615,0
4632,0
4634,0
4641,0
4642,0
4657,0
4658,0
4659,0
4662,0
4663,0
4668,0
4670,0
4675,0
4676,0
4678,0
4680,0
4686,0
4691,0
4692,0
4695,0
4696,0
4700,0
4707,0
4712,0
4715,0
4720,0
4732,0
4735,0
4741,0
4746,0
4748,0
4754,0
4756,0
4761,0
4764,0
4766,0
4768,0
4770,0
4774,0
4781,0
4785,0
4798,0
4801,0
4805,0
4812,0
4821,0
4823,0
4838,0
4851,0
4852,0
4853,0
4854,0
4857,0
4858,0
4860,0
4864,0
4869,0
4885,0
4891,0
4895,0
4901,0
4906,0
4914,0
4921,0
4927,0
4931,0
4933,0
4936,0
4939,0
4947,0
4955,0
4957,0
4960,0
4967,0
4972,0
4979,0
4982,0
4985,0
4996,0
4998,0
4999,0
5000,0
5001,0
5006,0
5008,0
5023,0
5030,0
5031,0
5036,0
5037,0
5050,0
5051,0
5054,0
5059,0
5060,0
5064,0
5069,0
5070,0
5072,0
5079,0
5087,0
5088,0
5092,0
5100,0
5102,0
5106,0
5107,0
5126,0
5127,0
5128,0
5134,0
5140,0
5146,0
5148,0
5151,0
5155,0
5161,0
5163,0
5167,0
5168,0
5169,0
5171,0
5174,0
5185,0
5187,0
5191,0
5192,0
5193,0
5195,0
5214,0
5217,0
5222,0
5229,0
5231,0
5232,0
5243,0
5245,0
5247,0
5257,0
5260,0
5262,0
5264,0
5267,0
5268,0
5278,0
5283,0
5290,0
5296,0
5309,0
5310,0
5311,0
5313,0
5314,0
5322,0
5328,0
5334,0
5342,0
5347,0
5362,0
5363,0
5377,0
5381,0
5383,0
5385,0
5389,0
5390,0
5392,0
5401,0
5405,0
5410,0
5419,0
5421,0
5426,0
5430,0
5436,0
5438,0
5443,0
5444,0
5448,0
5464,0
5467,0
5469,0
5470,0
5472,0
5473,0
5488,0
5490,0
5491,0
5496,0
5498,0
5499,0
5501,0
5505,0
5509,0
5511,0
5520,0
5521,0
5522,0
5525,0
5526,0
5528,0
5530,0
5535,0
5545,0
5555,0
5567,0
5568,0
5569,0
5575,0
5577,0
5582,0
5586,0
5589,0
5597,0
5604,0
5605,0
5606,0
5611,0
5613,0
5619,0
5620,0
5623,0
5624,0
5630,0
5635,0
5663,0
5666,0
5670,0
5671,0
5672,0
5674,0
5678,0
5679,0
5681,0
5684,0
5685,0
5689,0
5691,0
5693,0
5711,0
5715,0
5722,0
5731,0
5732,0
5736,0
5737,0
5738,0
5756,0
5761,0
5764,0
5773,0
5779,0
5783,0
5786,0
5800,0
5808,0
5827,0
5834,0
5851,0
5853,0
5854,0
5876,0
5878,0
5883,0
5885,0
5895,0
5896,0
5899,0
5903,0
5909,0
5916,0
5917,0
5918,0
5930,0
5935,0
5941,0
5946,0
5949,0
5953,0
5958,0
5964,0
5966,0
5978,0
5981,0
5982,0
5986,0
5987,0
5988,0
5989,0
5992,0
5997,0
5998,0
6005,0
6011,0
6025,0
6027,0
6031,0
6042,0
6047,0
6052,0
6053,0
6054,0
6056,0
6057,0
6063,0
6067,0
6068,0
6071,0
6077,0
6078,0
6086,0
6089,0
6092,0
6098,0
6105,0
6110,0
6120,0
6124,0
6136,0
6143,0
6145,0
6148,0
6151,0
6156,0
6159,0
6161,0
6165,0
6166,0
6171,0
6174,0
6179,0
6180,0
6182,0
6186,0
6189,0
6193,0
6195,0
6197,0
6200,0
6213,0
6222,0
6223,0
6226,0
6230,0
6231,0
6245,0
6249,0
6266,0
6271,0
6272,0
6276,0
6278,0
6288,0
6294,0
6295,0
6300,0
6311,0
6323,0
6325,0
6327,0
6332,0
6347,0
6348,0
6350,0
6366,0
6371,0
6375,0
6381,0
6384,0
6385,0
6391,0
6393,0
6395,0
6418,0
6424,0
6438,0
6441,0
6443,0
6447,0
6448,0
6457,0
6464,0
6466,0
6473,0
6482,0
6483,0
6486,0
6487,0
6490,0
6491,0
6500,0
6501,0
6505,0
6515,0
6522,0
6525,0
6528,0
6541,0
6552,0
6553,0
6557,0
6559,0
6563,0
6568,0
6572,0
6576,0
6581,0
6583,0
6585,0
6599,0
6611,0
6612,0
6615,0
6616,0
6619,0
6620,0
6621,0
6632,0
6634,0
6635,0
6638,0
6644,0
6654,0
6656,0
6663,0
6666,0
6668,0
6680,0
6685,0
6689,0
6696,0
6701,0
6702,0
6707,0
6712,0
6713,0
6722,0
6733,0
6745,0
6747,0
6748,0
6756,0
6757,0
6763,0
6766,0
6772,0
6774,0
6775,0
6777,0
6780,0
6786,0
6787,0
6790,0
6792,0
6793,0
6810,0
6814,0
6816,0
6817,0
6822,0
6826,0
6828,0
6833,0
6838,0
6843,0
6853,0
6857,0
6864,0
6867,0
6868,0
6869,0
6871,0
6873,0
6878,0
6880,0
6889,0
6890,0
6893,0
6894,0
6901,0
6910,0
6913,0
6923,0
6926,0
6940,0
6942,0
6958,0
6960,0
6961,0
6967,0
6970,0
6979,0
6992,0
6994,0
6997,0
7004,0
7006,0
7011,0
7015,0
7022,0
7027,0
7035,0
7038,0
7039,0
7040,0
7041,0
7042,0
7048,0
7054,0
7057,0
7064,0
7068,0
7081,0
7082,0
7084,0
7095,0
7098,0
7106,0
7113,0
7114,0
7116,0
7120,0
7121,0
7124,0
7127,0
7131,0
7135,0
7139,0
7141,0
7142,0
7146,0
7147,0
7149,0
7151,0
7156,0
7180,0
7184,0
7204,0
7208,0
7221,0
7224,0
7228,0
7234,0
7237,0
7243,0
7245,0
7249,0
7250,0
7252,0
7268,0
7272,0
7274,0
7283,0
7286,0
7289,0
7290,0
7292,0
7300,0
7304,0
7308,0
7309,0
7317,0
7330,0
7335,0
7340,0
7341,0
7346,0
7353,0
7359,0
7362,0
7364,0
7366,0
7379,0
7389,0
7392,0
7396,0
7400,0
7408,0
7412,0
7413,0
7414,0
7415,0
7417,0
7421,0
7427,0
7433,0
7436,0
7438,0
7446,0
7449,0
7453,0
7457,0
7458,0
7470,0
7473,0
7476,0
7483,0
7492,0
7499,0
7504,0
7505,0
7515,0
7517,0
7519,0
7529,0
7547,0
7551,0
7552,0
7557,0
7562,0
7564,0
7567,0
7568,0
7571,0
7572,0
7574,0
7578,0
7586,0
7590,0
7600,0
7604,0
7607,0
7609,0
7613,0
7614,0
7617,0
7618,0
7620,0
7626,0
7637,0
7643,0
7647,0
7652,0
7659,0
7678,0
7679,0
7682,0
7686,0
7689,0
7694,0
7703,0
7705,0
7713,0
7714,0
7720,0
7736,0
7737,0
7755,0
7759,0
7770,0
7781,0
7786,0
7788,0
7790,0
7791,0
7799,0
7800,0
7806,0
7810,0
7815,0
7818,0
7821,0
7833,0
7844,0
7845,0
7846,0
7853,0
7857,0
7859,0
7860,0
7863,0
7867,0
7870,0
7871,0
7891,0
7896,0
7901,0
7912,0
7922,0
7935,0
7941,0
7942,0
7943,0
7953,0
7954,0
7955,0
7957,0
7959,0
7960,0
7962,0
7972,0
7973,0
7985,0
7987,0
7988,0
7992,0
8007,0
8009,0
8018,0
8026,0
8028,0
8037,0
8043,0
8045,0
8046,0
8049,0
8060,0
8062,0
8063,0
8066,0
8067,0
8084,0
8086,0
8097,0
8100,0
8102,0
8111,0
8113,0
8115,0
8129,0
8139,0
8140,0
8141,0
8166,0
8167,0
8171,0
8174,0
8186,0
8195,0
8196,0
8205,0
8206,0
8207,0
8211,0
8215,0
8224,0
8227,0
8228,0
8231,0
8239,0
8244,0
8252,0
8253,0
8265,0
8270,0
8274,0
8278,0
8282,0
8287,0
8292,0
8296,0
8307,0
8311,0
8318,0
8329,0
8332,0
8334,0
8335,0
8345,0
8351,0
8352,0
8354,0
8369,0
8370,0
8377,0
8387,0
8389,0
8396,0
8398,0
8402,0
8403,0
8407,0
8410,0
8413,0
8415,0
8423,0
8427,0
8428,0
8432,0
8435,0
8439,0
8440,0
8475,0
8478,0
8479,0
8485,0
8487,0
8488,0
8497,0
8498,0
8501,0
8508,0
8509,0
8512,0
8515,0
8516,0
8524,0
8525,0
8526,0
8527,0
8528,0
8531,0
8539,0
8540,0
8550,0
8559,0
8562,0
8563,0
8564,0
8573,0
8579,0
8589,0
8590,0
8596,0
8599,0
8606,0
8610,0
8618,0
8624,0
8627,0
8635,0
8637,0
8641,0
8645,0
8648,0
8663,0
8664,0
8668,0
8676,0
8677,0
8680,0
8704,0
8705,0
8719,0
8720,0
8721,0
8724,0
8725,0
8727,0
8731,0
8734,0
8735,0
8736,0
8752,0
8757,0
8759,0
8761,0
8765,0
8769,0
8771,0
8774,0
8780,0
8784,0
8787,0
8791,0
8793,0
8798,0
8810,0
8820,0
8828,0
8835,0
8836,0
8854,0
8856,0
8866,0
8869,0
8870,0
8871,0
8876,0
8878,0
8909,0
8915,0
8916,0
8924,0
8935,0
8940,0
8943,0
8946,0
8950,0
8952,0
8956,0
8959,0
8965,0
8968,0
8978,0
8983,0
8984,0
8996,0
9006,0
9010,0
9028,0
9029,0
9030,0
9031,0
9032,0
9035,0
9041,0
9048,0
9057,0
9061,0
9063,0
9070,0
9071,0
9074,0
9080,0
9082,0
9084,0
9086,0
9088,0
9089,0
9101,0
9102,0
9110,0
9111,0
9113,0
9121,0
9122,0
9130,0
9135,0
9137,0
9141,0
9149,0
9155,0
9160,0
9167,0
9171,0
9181,0
9183,0
9185,0
9186,0
9196,0
9198,0
9207,0
9219,0
9222,0
9227,0
9231,0
9239,0
9240,0
9241,0
9242,0
9243,0
9246,0
9255,0
9265,0
9273,0
9282,0
9283,0
9287,0
9288,0
9290,0
9300,0
9301,0
9304,0
9309,0
9313,0
9316,0
9332,0
9336,0
9338,0
9345,0
9346,0
9349,0
9350,0
9356,0
9362,0
9370,0
9378,0
9382,0
9383,0
9385,0
9387,0
9388,0
9398,0
9399,0
9403,0
9407,0
9417,0
9429,0
9449,0
9455,0
9465,0
9469,0
9475,0
9480,0
9481,0
9491,0
9493,0
9511,0
9513,0
9514,0
9529,0
9531,0
9533,0
9536,0
9539,0
9546,0
9549,0
9554,0
9563,0
9565,0
9572,0
9581,0
9583,0
9585,0
9586,0
9591,0
9602,0
9606,0
9608,0
9611,0
9628,0
9631,0
9639,0
9647,0
9658,0
9661,0
9663,0
9667,0
9669,0
9671,0
9673,0
9685,0
9688,0
9691,0
9694,0
9701,0
9705,0
9706,0
9717,0
9722,0
9723,0
9728,0
9730,0
9731,0
9732,0
9733,0
9737,0
9739,0
9747,0
9750,0
9752,0
9753,0
9759,0
9760,0
9761,0
9762,0
9779,0
9792,0
9794,0
9804,0
9806,0
9815,0
9819,0
9822,0
9824,0
9828,0
9831,0
9834,0
9835,0
9839,0
9848,0
9850,0
9856,0
9865,0
9866,0
9870,0
9879,0
9885,0
9889,0
9891,0
9894,0
9896,0
9897,0
9900,0
9908,0
9909,0
9923,0
9927,0
9929,0
9947,0
9949,0
9952,0
9963,0
9965,0
9970,0
9978,0
9979,0
9983,0
9986,0
9989,0
9990,0
9991,0
9992,0
9998,0
10012,0
10013,0
10014,0
10025,0
10027,0
10029,0
10030,0
10033,0
10039,0
10040,0
10041,0
10047,0
10070,0
10074,0
10076,0
10092,0
10099,0
10112,0
10115,0
10125,0
10130,0
10132,0
10137,0
10139,0
10152,0
10154,0
10155,0
10174,0
10175,0
10180,0
10185,0
10188,0
10190,0
10191,0
10193,0
10196,0
10214,0
10219,0
10220,0
10222,0
10223,0
10228,0
10237,0
10244,0
10246,0
10247,0
10248,0
10252,0
10255,0
10257,0
10273,0
10276,0
10288,0
10293,0
10307,0
10309,0
10310,0
10311,0
10312,0
10316,0
10318,0
10322,0
10323,0
10328,0
10331,0
10332,0
10333,0
10337,0
10338,0
10346,0
10351,0
10362,0
10363,0
10365,0
10366,0
10376,0
10377,0
10378,0
10384,0
10393,0
10399,0
10403,0
10405,0
10410,0
10411,0
10415,0
10420,0
10424,0
10426,0
10433,0
10443,0
10450,0
10451,0
10455,0
10457,0
10459,0
10462,0
10468,0
10472,0
10482,0
10489,0
10499,0
10500,0
10502,0
10507,0
10509,0
10512,0
10525,0
10552,0
10555,0
10558,0
10559,0
10564,0
10570,0
10580,0
10583,0
10587,0
10588,0
10592,0
10594,0
10595,0
10604,0
10611,0
10612,0
10624,0
10625,0
10629,0
10631,0
10632,0
10635,0
10647,0
10654,0
10666,0
10668,0
10678,0
10681,0
10686,0
10694,0
10700,0
10701,0
10712,0
10717,0
10718,0
10720,0
10726,0
10729,0
10745,0
10752,0
10753,0
10763,0
10766,0
10778,0
10781,0
10785,0
10790,0
10795,0
10806,0
10814,0
10815,0
10817,0
10820,0
10824,0
10830,0
10832,0
10843,0
10850,0
10854,0
10863,0
10870,0
10871,0
10873,0
10878,0
10879,0
10882,0
10886,0
10888,0
10897,0
10927,0
10931,0
10933,0
10937,0
10963,0
10964,0
10977,0
10978,0
10984,0
10986,0
10993,0
10994,0
10995,0
10997,0
11000,0
11001,0
11003,0
11005,0
11006,0
11008,0
11011,0
11016,0
11062,0
11065,0
11066,0
11067,0
11068,0
11079,0
11088,0
11089,0
11129,0
11131,0
11146,0
11155,0
11159,0
11160,0
11163,0
11172,0
11175,0
11183,0
11189,0
11211,0
11217,0
11219,0
11223,0
11228,0
11230,0
11233,0
11236,0
11240,0
11241,0
11242,0
11249,0
11252,0
11260,0
11262,0
11263,0
11264,0
11265,0
11268,0
11273,0
11274,0
11281,0
11286,0
11290,0
11293,0
11298,0
11302,0
11317,0
11324,0
11334,0
11336,0
11341,0
11351,0
11358,0
11366,0
11373,0
11376,0
11381,0
11386,0
11391,0
11393,0
11401,0
11403,0
11408,0
11413,0
11414,0
11427,0
11433,0
11442,0
11443,0
11461,0
11463,0
11467,0
11471,0
11473,0
11475,0
11477,0
11483,0
11490,0
11493,0
11498,0
11501,0
11520,0
11524,0
11525,0
11526,0
11541,0
11542,0
11550,0
11579,0
11580,0
11586,0
11598,0
11605,0
11609,0
11611,0
11621,0
11627,0
11634,0
11646,0
11657,0
11659,0
11661,0
11662,0
11666,0
11671,0
11677,0
11678,0
11682,0
11684,0
11685,0
11686,0
11688,0
11689,0
11697,0
11700,0
11701,0
11707,0
11729,0
11732,0
11734,0
11737,0
11739,0
11741,0
11749,0
11751,0
11757,0
11769,0
11773,0
11775,0
11776,0
11801,0
11802,0
11803,0
11806,0
11807,0
11808,0
11819,0
11822,0
11828,0
11831,0
11843,0
11847,0
11856,0
11857,0
11863,0
11868,0
11877,0
11879,0
11883,0
11884,0
11892,0
11894,0
11896,0
11906,0
11910,0
11917,0
11920,0
11921,0
11929,0
11934,0
11938,0
11943,0
11947,0
11954,0
11967,0
11968,0
11970,0
11977,0
11984,0
11991,0
11993,0
11996,0
12006,0
12008,0
12011,0
12015,0
12017,0
12024,0
12028,0
12033,0
12040,0
12044,0
12054,0
12064,0
12068,0
12072,0
12075,0
12090,0
12098,0
12102,0
12111,0
12119,0
12134,0
12136,0
12139,0
12140,0
12148,0
12149,0
12155,0
12158,0
12161,0
12165,0
12168,0
12169,0
12172,0
12173,0
12182,0
12184,0
12187,0
12194,0
12196,0
12199,0
12200,0
12207,0
12214,0
12223,0
12224,0
12230,0
12231,0
12237,0
12248,0
12270,0
12273,0
12275,0
12279,0
12280,0
12287,0
12296,0
12298,0
12311,0
12314,0
12316,0
12317,0
12320,0
12323,0
12325,0
12328,0
12337,0
12340,0
12344,0
12345,0
12346,0
12353,0
12354,0
12359,0
12363,0
12368,0
12370,0
12371,0
12375,0
12376,0
12386,0
12392,0
12395,0
12407,0
12409,0
12410,0
12414,0
12417,0
12420,0
12423,0
12425,0
12427,0
12431,0
12437,0
12445,0
12446,0
12450,0
12458,0
12469,0
12470,0
12471,0
12482,0
12492,0
12493,0
12500,0
12505,0
12508,0
12509,0
12511,0
12517,0
12526,0
12532,0
12539,0
12542,0
12545,0
12546,0
12548,0
12550,0
12553,0
12559,0
12574,0
12584,0
12587,0
12588,0
12596,0
12599,0
12600,0
12606,0
12610,0
12616,0
12625,0
12631,0
12641,0
12642,0
12643,0
12644,0
12647,0
12648,0
12650,0
12652,0
12663,0
12666,0
12667,0
12670,0
12672,0
12675,0
12698,0
12705,0
12711,0
12715,0
12720,0
12721,0
12724,0
12730,0
12731,0
12735,0
12738,0
12739,0
12751,0
12754,0
12761,0
12765,0
12773,0
12774,0
12782,0
12803,0
12807,0
12808,0
12814,0
12817,0
12821,0
12823,0
12824,0
12826,0
12833,0
12834,0
12839,0
12846,0
12853,0
12854,0
12859,0
12860,0
12863,0
12867,0
12868,0
12872,0
12873,0
12877,0
12878,0
12884,0
12888,0
12893,0
12901,0
12903,0
12906,0
12918,0
12925,0
12927,0
12938,0
12941,0
12948,0
12950,0
12974,0
12976,0
12978,0
12981,0
12982,0
12989,0
12998,0
13000,0
13002,0
13006,0
13008,0
13011,0
13014,0
13023,0
13025,0
13031,0
13038,0
13039,0
13043,0
13044,0
13050,0
13053,0
13061,0
13070,0
13078,0
13086,0
13090,0
13092,0
13104,0
13119,0
13123,0
13125,0
13128,0
13130,0
13145,0
13155,0
13162,0
13165,0
13166,0
13167,0
13172,0
13174,0
13177,0
13178,0
13182,0
13185,0
13197,0
13203,0
13208,0
13213,0
13218,0
13224,0
13236,0
13237,0
13245,0
13249,0
13250,0
13266,0
13273,0
13280,0
13290,0
13291,0
13302,0
13307,0
13313,0
13321,0
13324,0
13329,0
13335,0
13344,0
13348,0
13354,0
13360,0
13361,0
13377,0
13381,0
13392,0
13393,0
13403,0
13404,0
13408,0
13412,0
13416,0
13417,0
13421,0
13425,0
13426,0
13428,0
13431,0
13433,0
13434,0
13455,0
13457,0
13462,0
13468,0
13472,0
13480,0
13484,0
13492,0
13497,0
13498,0
13500,0
13509,0
13510,0
13523,0
13527,0
13531,0
13533,0
13540,0
13544,0
13550,0
13552,0
13559,0
13560,0
13569,0
13576,0
13577,0
13585,0
13587,0
13590,0
13598,0
13599,0
13600,0
13608,0
13619,0
13624,0
13627,0
13631,0
13633,0
13638,0
13639,0
13640,0
13641,0
13645,0
13647,0
13649,0
13653,0
13687,0
13691,0
13694,0
13698,0
13700,0
13709,0
13710,0
13714,0
13715,0
13716,0
13718,0
13721,0
13733,0
13736,0
13738,0
13744,0
13747,0
13751,0
13753,0
13755,0
13768,0
13772,0
13773,0
13775,0
13788,0
13797,0
13802,0
13808,0
13812,0
13817,0
13818,0
13820,0
13821,0
13827,0
13835,0
13840,0
13845,0
13847,0
13851,0
13855,0
13861,0
13864,0
13867,0
13883,0
13887,0
13892,0
13910,0
13915,0
13929,0
13944,0
13955,0
13956,0
13957,0
13958,0
13964,0
13970,0
13996,0
13997,0
14000,0
14001,0
14012,0
14033,0
14039,0
14051,0
14053,0
14059,0
14076,0
14081,0
14091,0
14096,0
14100,0
14104,0
14105,0
14107,0
14115,0
14119,0
14130,0
14132,0
14146,0
14152,0
14157,0
14168,0
14175,0
14176,0
14177,0
14184,0
14185,0
14188,0
14192,0
14194,0
14201,0
14209,0
14224,0
14225,0
14226,0
14236,0
14241,0
14248,0
14250,0
14255,0
14261,0
14270,0
14284,0
14297,0
14299,0
14302,0
14309,0
14313,0
14317,0
14324,0
14325,0
14327,0
14329,0
14334,0
14339,0
14345,0
14347,0
14351,0
14356,0
14363,0
14364,0
14365,0
14368,0
14374,0
14376,0
14392,0
14394,0
14404,0
14407,0
14413,0
14414,0
14419,0
14425,0
14427,0
14432,0
14435,0
14437,0
14439,0
14452,0
14456,0
14457,0
14462,0
14465,0
14467,0
14471,0
14477,0
14478,0
14479,0
14480,0
14485,0
14488,0
14489,0
14494,0
14495,0
14501,0
14504,0
14510,0
14519,0
14524,0
14528,0
14529,0
14532,0
14539,0
14544,0
14545,0
14549,0
14551,0
14556,0
14562,0
14564,0
14565,0
14588,0
14589,0
14614,0
14621,0
14627,0
14630,0
14631,0
14636,0
14637,0
14645,0
14653,0
14667,0
14669,0
14670,0
14672,0
14686,0
14687,0
14691,0
14694,0
14697,0
14703,0
14709,0
14713,0
14719,0
14720,0
14721,0
14723,0
14725,0
14731,0
14738,0
14740,0
14750,0
14762,0
14767,0
14773,0
14777,0
14779,0
14782,0
14783,0
14788,0
14795,0
14797,0
14802,0
14806,0
14813,0
14825,0
14826,0
14827,0
14830,0
14834,0
14838,0
14839,0
14841,0
14844,0
14849,0
14853,0
14858,0
14865,0
14870,0
14872,0
14887,0
14897,0
14901,0
14905,0
14906,0
14908,0
14910,0
14916,0
14920,0
14922,0
14923,0
14928,0
14932,0
14955,0
14959,0
14960,0
14961,0
14962,0
14963,0
14966,0
14967,0
14971,0
14997,0
15004,0
15008,0
15017,0
15020,0
15029,0
15033,0
15039,0
15040,0
15053,0
15061,0
15063,0
15065,0
15066,0
15070,0
15081,0
15083,0
15084,0
15087,0
15100,0
15102,0
15104,0
15110,0
15111,0
15113,0
15114,0
15120,0
15125,0
15126,0
15128,0
15130,0
15138,0
15143,0
15144,0
15154,0
15157,0
15166,0
15168,0
15184,0
15185,0
15186,0
15189,0
15191,0
15192,0
15203,0
15205,0
15206,0
15209,0
15213,0
15220,0
15226,0
15227,0
15238,0
15243,0
15244,0
15254,0
15259,0
15261,0
15263,0
15267,0
15271,0
15272,0
15285,0
15286,0
15287,0
15296,0
15303,0
15306,0
15315,0
15320,0
15322,0
15324,0
15328,0
15329,0
15331,0
15333,0
15336,0
15355,0
15358,0
15360,0
15362,0
15363,0
15365,0
15367,0
15368,0
15370,0
15371,0
15377,0
15378,0
15383,0
15386,0
15388,0
15403,0
15406,0
15409,0
15410,0
15417,0
15418,0
15425,0
15439,0
15440,0
15442,0
15448,0
15454,0
15457,0
15461,0
15467,0
15471,0
15472,0
15483,0
15487,0
15488,0
15496,0
15502,0
15507,0
15509,0
15511,0
15515,0
15517,0
15519,0
15524,0
15525,0
15540,0
15541,0
15552,0
15553,0
15554,0
15558,0
15568,0
15569,0
15579,0
15583,0
15593,0
15605,0
15606,0
15611,0
15615,0
15616,0
15619,0
15627,0
15639,0
15654,0
15660,0
15661,0
15669,0
15673,0
15675,0
15679,0
15685,0
15693,0
15694,0
15696,0
15698,0
15702,0
15703,0
15707,0
15709,0
15714,0
15720,0
15722,0
15725,0
15730,0
15736,0
15740,0
15743,0
15744,0
15755,0
15757,0
15771,0
15772,0
15778,0
15780,0
15784,0
15787,0
15790,0
15794,0
15797,0
15798,0
15804,0
15808,0
15810,0
15812,0
15815,0
15816,0
15821,0
15829,0
15831,0
15836,0
15842,0
15844,0
15846,0
15847,0
15848,0
15861,0
15862,0
15864,0
15867,0
15868,0
15871,0
15884,0
15888,0
15892,0
15900,0
15905,0
15917,0
15919,0
15936,0
15937,0
15946,0
15947,0
15950,0
15952,0
15955,0
15958,0
15959,0
15963,0
15972,0
15975,0
15980,0
15986,0
15987,0
15988,0
15992,0
15993,0
15997,0
16009,0
16011,0
16016,0
16024,0
16026,0
16039,0
16052,0
16059,0
16079,0
16089,0
16104,0
16119,0
16124,0
16125,0
16127,0
16128,0
16130,0
16134,0
16137,0
16139,0
16145,0
16148,0
16151,0
16163,0
16169,0
16170,0
16173,0
16184,0
16186,0
16187,0
16199,0
16204,0
16208,0
16210,0
16211,0
16218,0
16222,0
16223,0
16228,0
16230,0
16243,0
16248,0
16253,0
16261,0
16266,0
16267,0
16271,0
16278,0
16282,0
16285,0
16289,0
16298,0
16300,0
16301,0
16308,0
16318,0
16320,0
16322,0
16329,0
16334,0
16346,0
16349,0
16356,0
16357,0
16365,0
16368,0
16370,0
16375,0
16380,0
16383,0
16395,0
16403,0
16411,0
16415,0
16445,0
16449,0
16453,0
16458,0
16459,0
16460,0
16462,0
16464,0
16467,0
16472,0
16476,0
16477,0
16482,0
16484,0
16486,0
16492,0
16502,0
16504,0
16507,0
16509,0
16513,0
16518,0
16524,0
16529,0
16530,0
16537,0
16538,0
16543,0
16544,0
16549,0
16553,0
16554,0
16569,0
16572,0
16574,0
16576,0
16580,0
16586,0
16587,0
16591,0
16592,0
16598,0
16611,0
16614,0
16622,0
16629,0
16637,0
16638,0
16639,0
16640,0
16647,0
16660,0
16686,0
16694,0
16709,0
16710,0
16713,0
16733,0
16737,0
16739,0
16746,0
16759,0
16768,0
16773,0
16774,0
16775,0
16776,0
16778,0
16780,0
16782,0
16783,0
16787,0
16800,0
16809,0
16811,0
16818,0
16822,0
16827,0
16828,0
16831,0
16833,0
16838,0
16844,0
16850,0
16852,0
16854,0
16858,0
16870,0
16879,0
16890,0
16914,0
16920,0
16921,0
16930,0
16931,0
16936,0
16938,0
16942,0
16944,0
16950,0
16953,0
16955,0
16956,0
16958,0
16970,0
16973,0
16976,0
16986,0
16992,0
16993,0
16997,0
17003,0
17005,0
17010,0
17012,0
17014,0
17018,0
17023,0
17032,0
17050,0
17051,0
17052,0
17053,0
17056,0
17064,0
17069,0
17074,0
17075,0
17084,0
17090,0
17094,0
17097,0
17103,0
17105,0
17109,0
17115,0
17131,0
17137,0
17142,0
17144,0
17145,0
17148,0
17152,0
17158,0
17161,0
17170,0
17174,0
17179,0
17180,0
17182,0
17183,0
17185,0
17187,0
17193,0
17194,0
17195,0
17196,0
17199,0
17204,0
17205,0
17211,0
17212,0
17215,0
17224,0
17228,0
17246,0
17249,0
17255,0
17257,0
17268,0
17270,0
17279,0
17286,0
17287,0
17290,0
17310,0
17317,0
17326,0
17327,0
17338,0
17339,0
17344,0
17346,0
17365,0
17367,0
17373,0
17383,0
17385,0
17399,0
17406,0
17409,0
17411,0
17412,0
17416,0
17417,0
17418,0
17421,0
17428,0
17430,0
17434,0
17455,0
17462,0
17466,0
17476,0
17485,0
17488,0
17489,0
17492,0
17497,0
17499,0
17510,0
17514,0
17517,0
17519,0
17521,0
17523,0
17524,0
17531,0
17536,0
17537,0
17547,0
17551,0
17570,0
17572,0
17592,0
17594,0
17607,0
17612,0
17613,0
17616,0
17630,0
17633,0
17635,0
17642,0
17645,0
17649,0
17654,0
17667,0
17672,0
17686,0
17694,0
17707,0
17717,0
17737,0
17738,0
17744,0
17746,0
17750,0
17751,0
17763,0
17769,0
17774,0
17783,0
17786,0
17787,0
17788,0
17791,0
17794,0
17800,0
17802,0
17803,0
17804,0
17817,0
17822,0
17824,0
17827,0
17829,0
17836,0
17839,0
17852,0
17854,0
17855,0
17866,0
17870,0
17874,0
17875,0
17884,0
17894,0
17896,0
17902,0
17907,0
17914,0
17930,0
17931,0
17942,0
17948,0
17951,0
17952,0
17977,0
17986,0
17993,0
17995,0
17999,0
18000,0
18007,0
18009,0
18012,0
18021,0
18031,0
18032,0
18034,0
18042,0
18044,0
18048,0
18051,0
18065,0
18070,0
18071,0
18073,0
18080,0
18082,0
18085,0
18091,0
18092,0
18096,0
18104,0
18105,0
18107,0
18110,0
18118,0
18119,0
18131,0
18133,0
18141,0
18142,0
18148,0
18150,0
18153,0
18164,0
18175,0
18180,0
18193,0
18195,0
18200,0
18205,0
18209,0
18212,0
18214,0
18217,0
18224,0
18234,0
18237,0
18247,0
18256,0
18260,0
18267,0
18268,0
18273,0
18274,0
18275,0
18279,0
18290,0
18294,0
18314,0
18315,0
18317,0
18322,0
18330,0
18345,0
18352,0
18353,0
18357,0
18358,0
18360,0
18362,0
18363,0
18369,0
18374,0
18381,0
18384,0
18385,0
18393,0
18396,0
18402,0
18405,0
18406,0
18408,0
18409,0
18410,0
18416,0
18435,0
18440,0
18444,0
18451,0
18462,0
18467,0
18478,0
18485,0
18486,0
18489,0
18491,0
18494,0
18496,0
18500,0
18504,0
18506,0
18512,0
18513,0
18515,0
18522,0
18534,0
18540,0
18543,0
18549,0
18553,0
18557,0
18561,0
18563,0
18564,0
18568,0
18578,0
18580,0
18585,0
18594,0
18599,0
18612,0
18614,0
18618,0
18624,0
18636,0
18642,0
18646,0
18648,0
18649,0
18658,0
18661,0
18663,0
18674,0
18675,0
18676,0
18681,0
18682,0
18693,0
18698,0
18699,0
18705,0
18709,0
18710,0
18713,0
18715,0
18723,0
18724,0
18727,0
18733,0
18734,0
18742,0
18746,0
18758,0
18760,0
18762,0
18772,0
18775,0
18785,0
18786,0
18789,0
18793,0
18797,0
18801,0
18809,0
18815,0
18834,0
18835,0
18839,0
18844,0
18850,0
18851,0
18854,0
18870,0
18874,0
18891,0
18901,0
18904,0
18909,0
18913,0
18927,0
18930,0
18935,0
18938,0
18939,0
18940,0
18942,0
18945,0
18951,0
18956,0
18959,0
18976,0
18977,0
18978,0
18980,0
18986,0
18989,0
18991,0
18993,0
18999,0
19001,0
19007,0
19019,0
19020,0
19025,0
19026,0
19028,0
19029,0
19035,0
19042,0
19043,0
19044,0
19046,0
19051,0
19052,0
19063,0
19069,0
19079,0
19082,0
19087,0
19093,0
19095,0
19098,0
19099,0
19101,0
19102,0
19108,0
19112,0
19115,0
19125,0
19127,0
19128,0
19129,0
19133,0
19136,0
19150,0
19155,0
19176,0
19177,0
19185,0
19188,0
19189,0
19194,0
19199,0
19202,0
19207,0
19210,0
19217,0
19224,0
19226,0
19234,0
19239,0
19245,0
19246,0
19247,0
19249,0
19257,0
19258,0
19281,0
19283,0
19289,0
19303,0
19304,0
19305,0
19313,0
19314,0
19318,0
19319,0
19333,0
19334,0
19336,0
19340,0
19341,0
19346,0
19351,0
19355,0
19358,0
19360,0
19381,0
19391,0
19402,0
19417,0
19420,0
19424,0
19425,0
19437,0
19440,0
19444,0
19452,0
19454,0
19455,0
19458,0
19461,0
19463,0
19471,0
19475,0
19479,0
19480,0
19483,0
19489,0
19497,0
19500,0
19502,0
19505,0
19509,0
19513,0
19518,0
19519,0
19524,0
19533,0
19546,0
19548,0
19561,0
19562,0
19566,0
19582,0
19593,0
19594,0
19600,0
19604,0
19612,0
19614,0
19616,0
19617,0
19622,0
19629,0
19634,0
19643,0
19672,0
19678,0
19679,0
19690,0
19692,0
19695,0
19702,0
19704,0
19706,0
19714,0
19715,0
19729,0
19731,0
19733,0
19752,0
19754,0
19763,0
19765,0
19766,0
19777,0
19782,0
19785,0
19802,0
19803,0
19813,0
19819,0
19829,0
19831,0
19832,0
19833,0
19842,0
19850,0
19863,0
19872,0
19874,0
19876,0
19884,0
19896,0
19905,0
19906,0
19914,0
19916,0
19919,0
19922,0
19927,0
19928,0
19931,0
19941,0
19954,0
19960,0
19968,0
19970,0
19983,0
19995,0
19998,0
19999,0
20015,0
20024,0
20028,0
20037,0
20039,0
20055,0
20062,0
20074,0
20075,0
20076,0
20084,0
20085,0
20088,0
20095,0
20098,0
20101,0
20106,0
20109,0
20116,0
20117,0
20119,0
20123,0
20132,0
20138,0
20145,0
20158,0
20162,0
20184,0
20187,0
20190,0
20196,0
20212,0
20213,0
20215,0
20216,0
20217,0
20227,0
20228,0
20230,0
20237,0
20242,0
20251,0
20254,0
20259,0
20260,0
20264,0
20268,0
20274,0
20276,0
20283,0
20286,0
20290,0
20291,0
20294,0
20295,0
20298,0
20300,0
20316,0
20326,0
20328,0
20332,0
20340,0
20343,0
20345,0
20350,0
20364,0
20365,0
20368,0
20375,0
20376,0
20377,0
20395,0
20397,0
20399,0
20400,0
20419,0
20420,0
20422,0
20423,0
20425,0
20426,0
20431,0
20435,0
20440,0
20442,0
20457,0
20458,0
20459,0
20464,0
20465,0
20474,0
20477,0
20489,0
20490,0
20494,0
20497,0
20501,0
20503,0
20506,0
20507,0
20509,0
20511,0
20515,0
20520,0
20525,0
20526,0
20539,0
20543,0
20545,0
20546,0
20547,0
20552,0
20560,0
20563,0
20566,0
20574,0
20575,0
20576,0
20585,0
20587,0
20588,0
20589,0
20591,0
20596,0
20600,0
20610,0
20614,0
20635,0
20639,0
20640,0
20646,0
20651,0
20659,0
20667,0
20668,0
20680,0
20684,0
20686,0
20692,0
20697,0
20708,0
20715,0
20724,0
20727,0
20729,0
20730,0
20731,0
20733,0
20737,0
20746,0
20748,0
20749,0
20751,0
20780,0
20781,0
20782,0
20784,0
20786,0
20791,0
20795,0
20797,0
20801,0
20803,0
20809,0
20818,0
20820,0
20821,0
20829,0
20832,0
20847,0
20850,0
20853,0
20854,0
20855,0
20858,0
20859,0
20863,0
20865,0
20868,0
20870,0
20887,0
20890,0
20894,0
20907,0
20909,0
20914,0
20921,0
20923,0
20925,0
20947,0
20948,0
20956,0
20972,0
20978,0
20981,0
20983,0
20984,0
20993,0
20996,0
21003,0
21011,0
21018,0
21019,0
21023,0
21028,0
21044,0
21045,0
21049,0
21053,0
21072,0
21078,0
21082,0
21097,0
21098,0
21104,0
21113,0
21127,0
21131,0
21142,0
21149,0
21156,0
21171,0
21175,0
21181,0
21182,0
21186,0
21188,0
21190,0
21202,0
21204,0
21217,0
21218,0
21226,0
21229,0
21230,0
21231,0
21245,0
21247,0
21256,0
21257,0
21273,0
21277,0
21281,0
21282,0
21284,0
21285,0
21286,0
21288,0
21302,0
21311,0
21314,0
21315,0
21317,0
21325,0
21326,0
21329,0
21338,0
21340,0
21344,0
21349,0
21351,0
21355,0
21356,0
21361,0
21363,0
21365,0
21367,0
21378,0
21381,0
21384,0
21385,0
21387,0
21396,0
21404,0
21407,0
21418,0
21423,0
21426,0
21429,0
21437,0
21439,0
21441,0
21443,0
21457,0
21460,0
21466,0
21468,0
21476,0
21479,0
21484,0
21505,0
21507,0
21508,0
21520,0
21522,0
21527,0
21532,0
21534,0
21538,0
21552,0
21556,0
21560,0
21563,0
21573,0
21583,0
21585,0
21586,0
21587,0
21597,0
21613,0
21615,0
21618,0
21621,0
21629,0
21631,0
21641,0
21650,0
21661,0
21663,0
21667,0
21671,0
21676,0
21677,0
21682,0
21685,0
21690,0
21696,0
21697,0
21703,0
21707,0
21713,0
21720,0
21722,0
21727,0
21728,0
21733,0
21735,0
21742,0
21743,0
21744,0
21747,0
21750,0
21757,0
21765,0
21771,0
21776,0
21783,0
21789,0
21790,0
21792,0
21793,0
21796,0
21801,0
21803,0
21809,0
21810,0
21813,0
21816,0
21819,0
21825,0
21839,0
21841,0
21844,0
21846,0
21848,0
21852,0
21857,0
21865,0
21869,0
21876,0
21879,0
21886,0
21889,0
21890,0
21893,0
21898,0
21902,0
21912,0
21914,0
21915,0
21917,0
21922,0
21930,0
21942,0
21949,0
21964,0
21979,0
21980,0
21981,0
21990,0
21991,0
21993,0
21997,0
22001,0
22005,0
22007,0
22008,0
22011,0
22017,0
22024,0
22043,0
22049,0
22050,0
22054,0
22082,0
22085,0
22091,0
22092,0
22095,0
22099,0
22102,0
22109,0
22112,0
22114,0
22119,0
22128,0
22129,0
22136,0
22141,0
22147,0
22156,0
22171,0
22178,0
22184,0
22185,0
22187,0
22196,0
22203,0
22204,0
22206,0
22207,0
22210,0
22212,0
22213,0
22215,0
22220,0
22224,0
22229,0
22230,0
22237,0
22243,0
22246,0
22253,0
22257,0
22260,0
22267,0
22276,0
22278,0
22286,0
22290,0
22295,0
22304,0
22306,0
22312,0
22317,0
22320,0
22329,0
22330,0
22334,0
22335,0
22338,0
22341,0
22352,0
22355,0
22363,0
22370,0
22372,0
22377,0
22381,0
22382,0
22390,0
22405,0
22408,0
22435,0
22439,0
22442,0
22443,0
22447,0
22448,0
22450,0
22453,0
22454,0
22458,0
22460,0
22471,0
22479,0
22489,0
22491,0
22492,0
22494,0
22499,0
22502,0
22506,0
22508,0
22510,0
22514,0
22517,0
22528,0
22530,0
22534,0
22543,0
22558,0
22561,0
22563,0
22567,0
22570,0
22571,0
22595,0
22600,0
22601,0
22623,0
22624,0
22627,0
22634,0
22637,0
22641,0
22642,0
22645,0
22648,0
22650,0
22651,0
22655,0
22661,0
22669,0
22670,0
22671,0
22676,0
22677,0
22686,0
22687,0
22691,0
22699,0
22703,0
22713,0
22714,0
22716,0
22721,0
22726,0
22735,0
22737,0
22738,0
22741,0
22745,0
22746,0
22752,0
22755,0
22785,0
22789,0
22790,0
22792,0
22795,0
22798,0
22800,0
22806,0
22816,0
22823,0
22826,0
22833,0
22844,0
22851,0
22859,0
22861,0
22866,0
22877,0
22887,0
22895,0
22902,0
22906,0
22923,0
22934,0
22937,0
22942,0
22952,0
22957,0
22959,0
22961,0
22968,0
22974,0
22975,0
22983,0
22984,0
22985,0
22990,0
22994,0
22995,0
22997,0
23002,0
23004,0
23020,0
23025,0
23027,0
23031,0
23033,0
23036,0
23049,0
23054,0
23058,0
23059,0
23062,0
23066,0
23075,0
23077,0
23085,0
23088,0
23089,0
23100,0
23107,0
23108,0
23112,0
23113,0
23122,0
23124,0
23125,0
23137,0
23140,0
23148,0
23152,0
23154,0
23156,0
23158,0
23166,0
23168,0
23171,0
23178,0
23194,0
23195,0
23198,0
23199,0
23209,0
23216,0
23220,0
23226,0
23230,0
23232,0
23237,0
23239,0
23246,0
23253,0
23258,0
23259,0
23268,0
23275,0
23277,0
23278,0
23281,0
23283,0
23289,0
23294,0
23298,0
23299,0
23301,0
23303,0
23317,0
23319,0
23324,0
23332,0
23350,0
23358,0
23362,0
23364,0
23365,0
23374,0
23376,0
23379,0
23381,0
23384,0
23386,0
23393,0
23395,0
23399,0
23403,0
23407,0
23412,0
23414,0
23417,0
23421,0
23434,0
23439,0
23441,0
23447,0
23451,0
23453,0
23476,0
23481,0
23482,0
23484,0
23494,0
23496,0
23501,0
23503,0
23515,0
23522,0
23523,0
23525,0
23526,0
23531,0
23532,0
23537,0
23538,0
23540,0
23541,0
23545,0
23546,0
23559,0
23570,0
23571,0
23575,0
23581,0
23582,0
23584,0
23588,0
23598,0
23602,0
23604,0
23605,0
23613,0
23616,0
23618,0
23624,0
23629,0
23631,0
23635,0
23642,0
23647,0
23648,0
23649,0
23653,0
23660,0
23669,0
23670,0
23672,0
23674,0
23690,0
23693,0
23695,0
23699,0
23709,0
23713,0
23720,0
23726,0
23749,0
23752,0
23757,0
23776,0
23791,0
23792,0
23803,0
23804,0
23806,0
23810,0
23818,0
23824,0
23828,0
23843,0
23847,0
23851,0
23857,0
23859,0
23862,0
23863,0
23867,0
23869,0
23871,0
23880,0
23881,0
23885,0
23894,0
23897,0
23906,0
23909,0
23911,0
23912,0
23915,0
23918,0
23933,0
23943,0
23945,0
23946,0
23951,0
23954,0
23957,0
23959,0
23961,0
23966,0
23968,0
23986,0
23994,0
23998,1
24011,1
24017,1
24021,1
24027,1
24032,1
24038,1
24039,1
24051,1
24053,1
24054,1
24065,0
24070,0
24073,0
24074,0
24075,0
24077,0
24083,0
24088,0
24092,0
24112,0
24113,0
24121,0
24125,0
24132,0
24134,0
24142,0
24159,0
24164,0
24174,0
24189,0
24191,0
24192,0
24196,0
24200,0
24202,0
24204,0
24211,0
24225,0
24229,0
24231,0
24232,0
24233,0
24242,0
24249,0
24258,0
24263,0
24273,0
24281,0
24282,0
24283,0
24285,0
24286,0
24290,0
24291,0
24306,0
24313,0
24314,0
24318,0
24324,0
24325,0
24339,0
24341,0
24346,0
24348,0
24350,0
24351,0
24365,0
24367,0
24371,0
24375,0
24389,0
24392,0
24397,0
24407,0
24433,0
24435,0
24443,0
24448,0
24456,0
24458,0
24460,0
24464,0
24465,0
24466,0
24468,0
24470,0
24472,0
24479,0
24487,0
24489,0
24492,0
24497,0
24499,0
24505,0
24513,0
24515,0
24516,0
24521,0
24529,0
24540,0
24545,0
24562,0
24563,0
24592,0
24600,0
24601,0
24605,0
24609,0
24613,0
24621,0
24639,0
24646,0
24649,0
24651,0
24652,0
24653,0
24672,0
24688,0
24693,0
24727,0
24730,0
24739,0
24743,0
24745,0
24750,0
24752,0
24761,0
24763,0
24766,0
24773,0
24776,0
24777,0
24778,0
24786,0
24789,0
24796,0
24798,0
24801,0
24804,0
24807,0
24817,0
24818,0
24820,0
24823,0
24824,0
24832,0
24837,0
24838,0
24841,0
24859,0
24860,0
24862,0
24866,0
24868,0
24878,0
24881,0
24887,0
24893,0
24904,0
24905,0
24910,0
24912,0
24917,0
24922,0
24924,0
24938,0
24939,0
24940,0
24946,0
24957,0
24961,0
24972,0
24975,0
24981,0
24982,0
24986,0
24989,0
24998,0
25008,0
25009,0
25016,0
25023,0
25025,0
25029,0
25032,0
25046,0
25048,0
25057,0
25061,0
25062,0
25069,0
25070,0
25072,0
25073,0
25079,0
25081,0
25087,0
25089,0
25096,0
25099,0
25103,0
25115,0
25118,0
25121,0
25122,0
25137,0
25138,0
25164,0
25166,0
25168,0
25172,0
25179,0
25186,0
25187,0
25188,0
25192,0
25194,0
25196,0
25197,0
25201,0
25202,0
25205,0
25206,0
25207,0
25219,0
25227,0
25233,0
25246,0
25249,0
25253,0
25258,0
25260,0
25265,0
25268,0
25282,0
25287,0
25290,0
25299,0
25302,0
25309,0
25310,0
25314,0
25315,0
25326,0
25330,0
25333,0
25334,0
25335,0
25339,0
25341,0
25347,0
25348,0
25354,0
25359,0
25364,0
25369,0
25370,0
25372,0
25375,0
25378,0
25384,0
25390,0
25391,0
25397,0
25398,0
25400,0
25402,0
25408,0
25413,0
25414,0
25417,0
25418,0
25422,0
25426,0
25428,0
25434,0
25443,0
25446,0
25447,0
25454,0
25460,0
25462,0
25464,0
25466,0
25472,0
25475,0
25477,0
25478,0
25484,0
25486,0
25488,0
25497,0
25501,0
25510,0
25511,0
25512,0
25513,0
25519,0
25536,0
25540,0
25543,0
25548,0
25551,0
25560,0
25571,0
25572,0
25575,0
25585,0
25603,0
25606,0
25607,0
25610,0
25613,0
25615,0
25617,0
25623,0
25629,0
25632,0
25636,0
25642,0
25647,0
25652,0
25654,0
25659,0
25660,0
25664,0
25693,0
25699,0
25700,0
25705,0
25713,0
25714,0
25715,0
25718,0
25720,0
25721,0
25724,0
25728,0
25732,0
25739,0
25742,0
25745,0
25751,0
25757,0
25768,0
25777,0
25779,0
25783,0
25790,0
25792,0
25793,0
25797,0
25802,0
25813,0
25818,0
25819,0
25823,0
25826,0
25827,0
25830,0
25843,0
25845,0
25850,0
25852,0
25861,0
25883,0
25890,0
25898,0
25901,0
25918,0
25920,0
25923,0
25941,0
25944,0
25960,0
25963,0
25964,0
25966,0
25974,0
25976,0
25983,0
25985,0
25989,0
25995,0
25999,0
26003,0
26021,0
26025,0
26026,0
26039,0
26041,0
26043,0
26045,0
26049,0
26050,0
26057,0
26063,0
26067,0
26070,0
26074,0
26088,0
26094,0
26096,0
26097,0
26098,0
26102,0
26118,0
26119,0
26132,0
26133,0
26140,0
26144,0
26153,0
26156,0
26159,0
26167,0
26178,0
26183,0
26187,0
26188,0
26190,0
26193,0
26199,0
26200,0
26201,0
26221,0
26228,0
26230,0
26233,0
26235,0
26239,0
26242,0
26243,0
26246,0
26249,0
26252,0
26253,0
26265,0
26266,0
26270,0
26271,0
26272,0
26282,0
26290,0
26293,0
26294,0
26295,0
26297,0
26316,0
26318,0
26324,0
26342,0
26344,0
26350,0
26352,0
26360,0
26370,0
26375,0
26379,0
26400,0
26407,0
26417,0
26421,0
26422,0
26423,0
26428,0
26446,0
26448,0
26451,0
26455,0
26457,0
26460,0
26463,0
26466,0
26475,0
26481,0
26484,0
26485,0
26491,0
26493,0
26494,0
26502,0
26508,0
26509,0
26512,0
26515,0
26520,0
26526,0
26529,0
26532,0
26536,0
26543,0
26549,0
26561,0
26562,0
26566,0
26567,0
26572,0
26583,0
26590,0
26593,0
26597,0
26599,0
26611,0
26618,0
26627,0
26631,0
26634,0
26637,0
26640,0
26642,0
26653,0
26656,0
26663,0
26667,0
26669,0
26673,0
26685,0
26697,0
26701,0
26704,0
26706,0
26710,0
26711,0
26714,0
26716,0
26717,0
26718,0
26719,0
26720,0
26721,0
26740,0
26746,0
26755,0
26760,0
26763,0
26766,0
26768,0
26775,0
26777,0
26783,0
26784,0
26790,0
26793,0
26801,0
26811,0
26819,0
26820,0
26822,0
26824,0
26825,0
26826,0
26828,0
26831,0
26837,0
26845,0
26853,0
26856,0
26871,0
26872,0
26876,0
26879,0
26882,0
26891,0
26903,0
26904,0
26907,0
26918,0
26919,0
26920,0
26924,0
26927,0
26929,0
26932,0
26935,0
26939,0
26942,0
26944,0
26954,0
26957,0
26966,0
26971,0
26972,0
26979,0
26985,0
26990,0
27001,0
27005,0
27010,0
27012,0
27015,0
27019,0
27022,0
27023,0
27026,0
27044,0
27045,0
27049,0
27051,0
27053,0
27056,0
27057,0
27061,0
27070,0
27071,0
27074,0
27075,0
27079,0
27083,0
27084,0
27086,0
27097,0
27101,0
27105,0
27109,0
27116,0
27117,0
27119,0
27127,0
27141,0
27142,0
27145,0
27146,0
27147,0
27150,0
27152,0
27154,0
27158,0
27162,0
27165,0
27173,0
27175,0
27182,0
27185,0
27188,0
27208,0
27210,0
27211,0
27214,0
27232,0
27236,0
27241,0
27242,0
27257,0
27266,0
27283,0
27287,0
27299,0
27301,0
27307,0
27308,0
27309,0
27316,0
27319,0
27320,0
27323,0
27324,0
27328,0
27329,0
27330,0
27331,0
27342,0
27351,0
27355,0
27360,0
27364,0
27377,0
27381,0
27401,0
27409,0
27410,0
27413,0
27415,0
27419,0
27420,0
27425,0
27431,0
27433,0
27439,0
27444,0
27460,0
27467,0
27473,0
27479,0
27481,0
27482,0
27488,0
27490,0
27493,0
27495,0
27496,0
27505,0
27509,0
27511,0
27515,0
27517,0
27522,0
27523,0
27530,0
27533,0
27538,0
27556,0
27557,0
27558,0
27559,0
27572,0
27573,0
27579,0
27582,0
27585,0
27588,0
27591,0
27595,0
27598,0
27600,0
27607,0
27609,0
27614,0
27616,0
27624,0
27640,0
27647,0
27650,0
27657,0
27662,0
27671,0
27674,0
27677,0
27682,0
27684,0
27691,1
27694,1
27695,1
27710,1
27713,1
27718,1
27729,1
27735,1
27737,1
27742,1
27747,1
27751,1
27752,1
27754,1
27756,1
27758,1
27760,1
27765,1
27772,1
27775,1
27792,1
27816,1
27818,1
27822,1
27825,1
27826,1
27829,1
27830,1
27832,1
27835,1
27841,1
27845,1
27848,1
27856,1
27861,1
27864,1
27878,1
27888,1
27896,1
27897,1
27901,1
27902,1
27904,1
27915,1
27917,1
27928,1
27933,1
27940,1
27945,1
27948,1
27949,1
27954,1
27955,1
27956,1
27965,1
27974,0
27978,1
27982,1
27992,1
27997,1
28002,0
28008,1
28013,0
28016,0
28019,0
28027,0
28029,1
28030,0
28034,1
28035,1
28039,1
28043,0
28053,0
28055,1
28073,0
28077,1
28081,0
28091,0
28101,1
28104,0
28110,1
28122,1
28142,0
28156,1
28160,0
28164,1
28165,0
28174,0
28180,0
28187,0
28189,1
28196,0
28199,1
28203,1
28204,1
28206,1
28207,1
28215,0
28235,0
28244,0
28245,0
28246,0
28247,0
28258,1
28260,1
28262,0
28270,1
28274,1
28280,1
28282,1
28283,0
28284,0
28299,1
28303,1
28311,1
28312,1
28337,1
28338,1
28340,1
28344,0
28355,0
28356,0
28359,1
28371,1
28374,0
28382,0
28386,0
28392,0
28397,1
28407,1
28411,0
28416,0
28417,1
28419,1
28421,1
28424,0
28425,0
28445,0
28448,1
28450,1
28451,1
28454,0
28460,1
28461,1
28463,1
28465,0
28470,1
28474,0
28479,0
28485,1
28486,1
28490,1
28491,1
28492,0
28499,1
28505,1
28509,0
28513,1
28514,0
28515,0
28523,1
28525,0
28529,1
28532,1
28541,0
28544,1
28549,1
28551,1
28556,0
28557,1
28558,1
28562,1
28564,1
28566,1
28577,0
28578,0
28581,1
28584,1
28596,1
28602,1
28609,0
28625,1
28626,1
28627,1
28628,1
28632,0
28635,1
28642,0
28645,1
28647,1
28654,0
28655,0
28658,1
28659,1
28667,0
28670,0
28672,0
28674,0
28678,1
28682,0
28683,0
28686,1
28687,0
28691,1
28692,1
28696,0
28699,0
28706,0
28712,1
28721,0
28726,0
28738,1
28740,0
28759,0
28770,1
28776,0
28782,0
28791,1
28794,0
28795,0
28797,0
28803,1
28815,1
28817,0
28818,1
28820,1
28825,1
28828,0
28829,1
28835,1
28839,0
28840,1
28842,1
28853,0
28854,0
28858,1
28864,0
28870,0
28872,0
28874,0
28875,0
28886,0
28893,0
28898,0
28899,0
28900,0
28908,1
28909,1
28912,0
28918,0
28923,0
28929,1
28932,0
28943,1
28945,0
28948,0
28952,0
28963,0
28972,0
28983,1
28984,1
28985,0
28988,0
28993,0
28999,0
29007,0
29008,0
29016,0
29018,0
29019,1
29022,0
29030,0
29035,1
29038,0
29043,0
29051,0
29055,0
29056,1
29057,1
29074,0
29076,1
29082,1
29085,1
29090,0
29092,0
29093,0
29099,0
29100,0
29104,0
29105,0
29106,1
29125,1
29126,0
29127,0
29137,1
29140,0
29146,0
29155,1
29156,0
29163,0
29165,0
29171,1
29182,1
29196,0
29199,0
29204,0
29209,1
29210,1
29212,0
29213,1
29215,1
29222,1
29225,1
29230,1
29232,0
29236,0
29237,1
29243,1
29247,1
29248,1
29249,1
29250,0
29256,0
29258,0
29265,1
29268,0
29275,0
29276,1
29278,1
29287,1
29288,0
29291,0
29293,1
29296,1
29297,0
29301,1
29303,1
29311,1
29329,1
29335,1
29341,0
29353,1
29360,1
29363,1
29365,1
29373,1
29374,1
29380,0
29381,1
29384,0
29391,0
29394,0
29400,0
29405,0
29416,0
29418,0
29419,0
29424,0
29425,0
29426,0
29432,0
29435,1
29437,0
29438,1
29443,0
29448,0
29449,0
29451,1
29458,0
29469,1
29474,0
29477,0
29484,0
29496,0
29498,1
29499,0
29505,0
29509,1
29523,1
29524,0
29534,1
29546,1
29549,1
29550,0
29554,0
29566,1
29568,1
29573,1
29576,0
29577,0
29580,1
29581,0
29583,1
29587,1
29589,0
29601,0
29602,0
29606,1
29608,1
29612,0
29615,1
29618,0
29620,1
29624,0
29625,1
29627,1
29630,0
29631,0
29637,0
29638,1
29643,0
29650,0
29654,0
29655,0
29661,0
29662,1
29663,0
29667,0
29672,1
29680,0
29687,0
29689,0
29697,0
29698,0
29701,1
29704,1
29709,0
29715,0
29716,0
29718,0
29733,1
29737,0
29739,1
29740,0
29743,0
29748,1
29751,1
29757,1
29761,0
29765,0
29771,1
29777,1
29781,0
29788,1
29793,0
29794,0
29800,0
29807,0
29819,0
29827,0
29828,1
29843,0
29845,0
29849,1
29854,1
29856,0
29857,0
29866,0
29876,1
29883,1
29884,1
29893,1
29895,0
29907,0
29909,1
29914,0
29916,0
29919,0
29931,1
29933,0
29934,0
29940,0
29944,1
29949,0
29971,1
29977,1
29978,0
29988,1
29989,1
29990,1
30008,1
30010,1
30012,0
30022,1
30034,1
30036,1
30037,1
30044,1
30045,0
30051,1
30053,1
30056,0
30058,1
30059,1
30063,1
30066,1
30067,1
30071,1
30072,1
30077,1
30084,1
30086,1
30097,1
30108,1
30111,1
30113,1
30123,1
30125,0
30126,0
30129,1
30132,1
30137,1
30140,1
30149,1
30162,1
30168,1
30172,1
30177,1
30192,1
30196,1
30199,1
30205,1
30206,1
30212,1
30225,1
30227,1
30229,1
30233,1
30247,1
30252,1
30254,1
30267,1
30269,1
30289,1
30292,1
30293,1
30302,1
30310,1
30322,1
30327,1
30330,1
30338,1
30348,1
30351,1
30356,1
30362,1
30371,1
30377,1
30381,1
30387,1
30389,1
30392,1
30396,1
30401,1
30403,1
30404,1
30405,1
30406,1
30409,1
30412,1
30414,1
30415,1
30416,1
30419,1
30420,0
30425,0
30427,1
30437,1
30443,1
30445,0
30449,1
30453,1
30454,1
30460,1
30466,0
30469,0
30470,0
30472,1
30474,1
30475,1
30481,0
30501,1
30502,0
30512,0
30519,0
30525,1
30526,0
30530,1
30546,0
30549,1
30550,1
30552,1
30561,0
30562,0
30566,0
30583,1
30587,0
30600,0
30602,0
30604,1
30607,0
30622,0
30631,0
30645,0
30649,0
30652,0
30654,0
30659,0
30662,0
30666,0
30670,0
30685,0
30690,0
30692,0
30698,0
30699,0
30705,0
30707,0
30708,0
30710,0
30717,0
30725,0
30727,0
30728,0
30746,0
30751,0
30772,0
30777,0
30780,0
30782,0
30783,0
30791,0
30797,0
30800,0
30803,0
30808,0
30812,0
30815,0
30821,0
30828,0
30842,0
30857,0
30861,0
30869,0
30873,0
30874,0
30875,0
30879,0
30880,0
30881,0
30883,0
30886,0
30889,0
30890,0
30901,0
30905,0
30906,0
30910,0
30918,0
30920,0
30932,0
30936,0
30946,0
30953,0
30969,0
30970,0
30971,0
30988,0
30998,0
30999,0
31005,0
31007,0
31012,0
31016,0
31025,0
31026,0
31040,0
31045,0
31054,0
31057,0
31059,0
31094,0
31098,0
31099,0
31100,0
31102,0
31105,0
31120,0
31125,0
31126,0
31132,0
31135,0
31136,0
31139,0
31141,0
31145,0
31166,0
31167,0
31171,0
31176,0
31183,0
31185,0
31188,0
31195,0
31199,0
31200,0
31203,0
31207,0
31211,0
31212,0
31215,0
31217,0
31237,0
31241,0
31244,0
31245,0
31249,0
31251,1
31253,0
31265,0
31267,0
31269,0
31275,0
31282,0
31285,0
31288,0
31292,0
31296,0
31297,0
31298,0
31300,0
31309,0
31318,0
31323,0
31331,0
31340,0
31342,0
31348,0
31357,0
31359,0
31362,0
31364,0
31376,0
31378,0
31381,0
31388,0
31396,0
31398,0
31401,0
31409,0
31414,0
31418,0
31423,0
31424,0
31432,0
31439,0
31442,0
31446,0
31447,0
31451,0
31455,0
31469,0
31473,0
31479,0
31487,0
31498,0
31501,0
31504,0
31510,0
31511,0
31512,0
31520,0
31533,0
31543,0
31547,0
31551,0
31552,0
31556,0
31560,0
31563,0
31567,0
31578,0
31584,0
31586,0
31589,0
31590,1
31594,0
31595,0
31598,0
31606,0
31612,0
31613,0
31619,0
31620,0
31629,0
31632,0
31642,0
31646,0
31653,0
31661,0
31664,0
31666,0
31670,0
31674,0
31677,0
31691,0
31693,0
31698,0
31703,0
31705,0
31718,0
31721,0
31726,0
31731,0
31740,0
31746,0
31758,0
31761,0
31769,0
31775,0
31780,0
31781,0
31782,0
31792,0
31799,0
31800,0
31803,0
31806,0
31807,0
31811,0
31812,0
31814,0
31815,0
31821,0
31829,0
31834,0
31837,0
31838,0
31852,0
31854,0
31860,0
31867,0
31868,0
31870,1
31871,0
31874,0
31879,0
31881,0
31889,0
31900,0
31902,0
31906,0
31909,0
31920,0
31922,1
31926,0
31928,0
31936,0
31938,0
31943,0
31951,0
31952,0
31957,0
31961,0
31964,0
31973,0
31975,0
31976,0
31980,0
31985,0
31987,0
31990,0
31991,0
31992,0
31993,0
32000,0
32005,0
32008,0
32016,0
32018,0
32020,0
32031,0
32037,0
32040,0
32050,0
32056,0
32060,0
32065,0
32066,0
32075,0
32077,0
32086,0
32091,0
32095,0
32100,0
32107,0
32109,0
32111,0
32116,0
32126,0
32128,0
32136,0
32141,0
32152,0
32160,0
32168,0
32180,0
32186,0
32188,0
32194,0
32198,0
32216,0
32219,0
32223,0
32231,0
32243,0
32244,0
32264,0
32265,0
32266,0
32285,0
32297,0
32298,0
32306,0
32307,0
32310,0
32317,0
32318,0
32322,0
32325,0
32331,0
32336,0
32341,0
32342,0
32351,0
32354,0
32356,0
32358,0
32361,0
32363,0
32364,0
32370,0
32371,0
32375,0
32377,0
32381,0
32383,0
32387,0
32388,0
32393,0
32394,0
32395,0
32398,0
32404,0
32406,0
32410,0
32415,0
32416,0
32417,0
32425,0
32426,0
32432,0
32433,0
32436,0
32439,0
32449,0
32454,0
32462,0
32474,0
32475,0
32477,0
32485,0
32486,0
32487,0
32490,0
32494,0
32499,0
32502,0
32505,0
32509,0
32514,0
32516,0
32519,0
32525,0
32544,0
32547,0
32559,0
32566,0
32571,0
32576,0
32578,0
32579,0
32581,0
32583,0
32586,0
32588,0
32595,0
32597,0
32599,0
32601,0
32604,0
32608,0
32612,0
32614,0
32616,0
32620,0
32624,0
32625,0
32629,0
32634,0
32635,0
32641,0
32642,0
32648,0
32656,0
32666,0
32676,0
32680,0
32682,0
32683,0
32685,0
32688,0
32696,0
32698,0
32700,0
32703,0
32704,0
32707,0
32710,0
32718,0
32721,0
32730,0
32735,0
32740,0
32743,0
32747,0
32750,0
32753,0
32756,0
32758,0
32774,0
32785,0
32794,0
32799,0
32800,0
32811,0
32813,0
32838,0
32840,0
32845,0
32847,0
32857,0
32858,0
32861,0
32862,0
32864,0
32870,0
32879,0
32884,0
32890,0
32894,0
32895,0
32897,0
32902,0
32908,0
32914,0
32916,0
32920,0
32923,0
32925,0
32929,0
32930,0
32935,0
32943,0
32949,0
32950,0
32951,0
32954,0
32956,0
32963,0
32967,0
32970,0
32974,0
32986,0
32988,0
32998,0
33003,0
33011,0
33028,0
33040,0
33046,0
33048,0
33056,0
33064,0
33066,0
33067,0
33068,0
33070,0
33071,0
33073,0
33076,0
33088,0
33092,0
33093,0
33111,0
33122,0
33129,0
33144,0
33146,0
33152,0
33156,0
33172,0
33182,0
33189,1
33191,0
33200,0
33203,0
33213,0
33216,0
33217,0
33228,0
33229,0
33234,0
33241,0
33245,0
33251,0
33253,0
33255,0
33257,0
33267,0
33272,0
33276,0
33279,0
33284,0
33287,0
33291,0
33295,0
33298,0
33301,0
33303,0
33309,0
33317,0
33319,0
33323,0
33328,0
33336,0
33338,0
33343,0
33346,0
33349,0
33359,0
33361,0
33365,0
33370,0
33371,0
33375,0
33380,0
33384,0
33388,0
33394,0
33397,0
33403,0
33408,0
33420,0
33422,0
33423,0
33424,0
33436,0
33439,0
33441,0
33443,0
33449,0
33453,0
33454,0
33459,0
33472,0
33488,0
33518,0
33520,0
33522,0
33523,0
33524,0
33529,0
33531,0
33532,0
33540,0
33541,0
33543,0
33546,0
33554,0
33562,0
33567,0
33571,0
33573,0
33576,0
33583,0
33584,0
33586,0
33588,0
33592,0
33593,0
33597,0
33602,0
33604,0
33620,0
33622,0
33625,0
33630,0
33631,0
33632,0
33667,0
33673,0
33679,0
33680,0
33681,0
33683,0
33685,0
33690,0
33692,0
33704,0
33706,0
33710,0
33712,0
33713,1
33718,0
33719,0
33720,0
33734,0
33736,0
33755,0
33757,0
33759,0
33763,0
33770,0
33777,0
33779,0
33783,0
33789,1
33799,0
33804,0
33827,0
33841,0
33849,0
33850,0
33854,0
33857,0
33859,0
33864,0
33873,1
33880,0
33881,0
33885,0
33887,0
33893,0
33894,0
33895,0
33899,0
33901,0
33906,0
33916,0
33934,0
33941,0
33948,0
33961,0
33966,0
33968,0
33969,0
33976,0
33980,0
33994,0
34002,0
34007,0
34020,0
34024,0
34048,0
34053,0
34056,0
34057,0
34058,0
34063,0
34068,0
34072,0
34073,0
34081,0
34093,0
34096,0
34105,0
34107,0
34110,0
34113,0
34124,0
34126,0
34134,0
34137,0
34138,0
34142,0
34147,0
34148,0
34149,0
34156,0
34160,0
34165,0
34169,0
34175,0
34188,0
34202,0
34205,0
34214,0
34218,0
34223,0
34226,0
34228,0
34230,0
34233,0
34240,0
34247,0
34251,0
34254,0
34257,0
34258,0
34264,0
34268,0
34270,0
34283,0
34286,0
34287,0
34292,0
34293,0
34300,0
34305,0
34311,1
34313,0
34315,0
34317,0
34321,0
34332,0
34343,0
34345,0
34346,0
34347,0
34351,0
34356,0
34359,0
34361,0
34362,0
34366,0
34367,0
34376,0
34377,0
34393,0
34395,0
34396,0
34399,0
34403,0
34411,0
34414,0
34426,0
34432,0
34442,0
34444,0
34448,0
34450,0
34452,0
34464,0
34471,0
34472,0
34473,0
34478,0
34479,0
34484,1
34485,0
34490,0
34492,0
34497,0
34498,0
34511,0
34524,1
34532,0
34536,0
34540,0
34544,0
34554,0
34555,0
34556,0
34562,0
34579,0
34598,0
34600,0
34604,0
34605,0
34606,0
34624,0
34627,0
34634,0
34643,0
34645,0
34654,0
34656,0
34664,0
34668,0
34680,0
34681,0
34686,0
34720,0
34729,0
34733,0
34734,0
34735,0
34737,0
34741,0
34744,0
34750,0
34756,0
34764,0
34775,0
34787,0
34791,0
34794,0
34796,0
34800,0
34802,0
34812,0
34815,0
34818,0
34819,0
34827,0
34830,0
34832,0
34839,1
34840,1
34843,0
34856,0
34858,0
34865,0
34878,0
34885,0
34886,0
34892,0
34893,0
34895,0
34897,1
34904,1
34907,1
34921,0
34924,0
34928,0
34936,0
34940,0
34941,0
34945,0
34951,0
34952,0
34953,0
34958,0
34962,0
34969,0
34970,0
34991,0
34995,0
34999,0
35015,0
35021,0
35044,0
35045,0
35054,0
35056,0
35058,0
35061,1
35062,1
35065,1
35075,0
35094,0
35100,0
35108,0
35113,0
35125,0
35127,0
35129,0
35133,0
35135,0
35139,0
35140,0
35141,0
35142,0
35157,0
35168,0
35171,0
35172,1
35182,0
35188,1
35191,0
35197,0
35199,0
35204,0
35212,0
35216,0
35217,0
35219,0
35229,0
35231,0
35238,0
35241,0
35245,0
35248,0
35252,0
35255,0
35259,0
35260,0
35261,0
35282,1
35288,0
35289,0
35291,0
35293,0
35296,0
35305,0
35306,0
35310,0
35311,0
35327,0
35330,0
35341,1
35346,1
35354,0
35356,0
35362,0
35368,0
35372,0
35374,1
35377,0
35381,0
35384,0
35385,0
35387,0
35393,0
35396,0
35402,0
35405,0
35407,0
35419,0
35428,0
35433,0
35436,0
35438,0
35440,0
35441,0
35456,0
35457,0
35474,0
35478,1
35480,0
35484,0
35487,0
35489,0
35490,0
35502,0
35504,0
35508,0
35512,0
35513,0
35517,0
35520,0
35522,0
35524,0
35525,0
35533,0
35536,0
35537,1
35540,0
35541,0
35544,0
35545,0
35546,0
35547,0
35561,0
35566,0
35567,0
35568,0
35574,0
35577,0
35590,0
35593,0
35606,0
35607,0
35621,0
35626,0
35627,0
35628,0
35641,0
35644,0
35652,0
35669,0
35673,0
35679,0
35682,0
35690,0
35692,0
35696,0
35697,0
35706,0
35710,0
35711,0
35716,0
35717,0
35720,0
35721,0
35738,0
35747,0
35750,0
35755,0
35782,0
35785,0
35790,1
35799,1
35802,0
35803,0
35806,0
35826,1
35848,0
35851,1
35853,1
35854,0
35860,0
35861,0
35866,1
35868,1
35876,1
35879,0
35880,1
35888,0
35891,0
35899,0
35901,1
35904,1
35926,0
35931,1
35936,0
35937,0
35938,1
35943,0
35945,1
35950,0
35953,0
35959,0
35960,0
35961,0
35965,1
35967,1
35969,0
35971,1
35974,1
35979,0
35985,0
35988,0
35992,0
35994,1
35999,1
36000,0
36004,0
36008,0
36010,0
36014,0
36033,0
36036,0
36041,0
36042,0
36049,1
36053,0
36061,1
36062,1
36070,0
36080,1
36081,0
36084,0
36088,0
36094,0
36104,0
36111,1
36112,0
36118,0
36119,1
36121,1
36122,1
36123,1
36133,1
36135,0
36139,1
36145,0
36148,0
36165,1
36170,0
36172,1
36176,1
36182,0
36190,0
36196,0
36199,0
36202,0
36212,0
36216,0
36229,1
36238,1
36241,1
36243,1
36246,1
36261,1
36262,1
36267,1
36273,1
36275,1
36285,1
36289,1
36299,1
36300,1
36301,1
36305,1
36313,1
36316,1
36326,1
36334,1
36340,1
36346,1
36350,1
36351,1
36353,1
36364,1
36366,1
36375,1
36402,1
36404,1
36408,1
36420,1
36424,1
36426,1
36428,1
36431,1
36443,1
36447,1
36452,1
36460,1
36463,1
36480,1
36494,1
36506,1
36507,1
36508,1
36512,1
36514,1
36516,1
36523,1
36524,1
36536,1
36543,1
36551,1
36555,1
36557,1
36559,1
36563,1
36566,1
36570,1
36572,1
36573,1
36575,1
36595,1
36602,1
36606,1
36627,1
36630,1
36632,1
36644,1
36647,1
36655,1
36656,1
36671,1
36676,1
36678,1
36685,1
36687,1
36691,1
36701,1
36724,1
36729,1
36737,1
36738,1
36739,1
36742,1
36746,1
36750,1
36760,1
36763,1
36768,1
36774,1
36777,1
36788,1
36792,1
36813,1
36815,1
36816,1
36818,1
36825,1
36827,1
36828,1
36834,1
36835,1
36836,1
36837,1
36853,1
36854,1
36858,1
36872,1
36882,1
36888,1
36889,1
36890,1
36897,1
36905,1
36907,1
36912,1
36915,1
36916,1
36917,1
36922,1
36923,1
36934,1
36935,1
36936,1
36944,1
36954,1
36955,1
36956,1
36966,1
36967,1
36979,1
36984,1
36985,1
37007,1
37014,1
37020,1
37024,1
37025,1
37027,1
37029,1
37031,1
37038,1
37039,1
37040,1
37050,1
37052,1
37060,1
37061,1
37069,1
37087,1
37095,1
37100,1
37103,1
37112,1
37123,1
37135,1
37153,1
37159,1
37161,1
37169,1
37170,1
37173,1
37174,1
37177,1
37179,1
37180,1
37190,1
37197,1
37199,1
37206,1
37213,1
37217,1
37228,1
37233,1
37237,1
37238,1
37240,1
37246,1
37249,1
37254,1
37263,1
37269,1
37270,1
37278,1
37279,1
37284,1
37298,1
37306,1
37307,1
37311,1
37320,1
37322,1
37327,1
37336,1
37338,1
37339,1
37340,1
37342,1
37349,1
37358,1
37359,1
37362,1
37364,1
37365,1
37370,1
37378,1
37383,1
37387,1
37388,1
37390,1
37393,1
37395,1
37397,1
37412,1
37415,1
37427,1
37431,1
37437,1
37442,1
37451,1
37455,1
37461,1
37471,1
37474,1
37475,1
37484,1
37490,1
37491,1
37521,1
37525,1
37531,1
37539,1
37541,1
37558,1
37561,1
37566,1
37570,1
37571,1
37589,1
37595,1
37599,1
37606,1
37609,1
37617,1
37624,1
37628,1
37632,1
37635,1
37636,1
37637,1
37643,1
37644,1
37648,1
37665,1
37670,1
37684,1
37685,1
37686,1
37698,1
37701,1
37703,1
37709,1
37714,1
37718,1
37719,1
37747,1
37748,1
37756,1
37757,1
37762,1
37763,1
37772,1
37778,1
37789,1
37796,1
37797,1
37798,1
37801,1
37811,1
37827,1
37828,1
37842,1
37843,1
37844,1
37845,1
37847,1
37849,1
37851,1
37854,1
37861,1
37871,1
37879,1
37881,1
37889,1
37895,1
37897,1
37899,1
37903,1
37906,1
37909,1
37913,1
37915,1
37916,1
37918,1
37922,1
37930,1
37934,1
37936,1
37943,1
37953,1
37960,1
37971,1
37974,1
37979,1
37982,1
37984,1
37992,1
37997,1
38004,1
38006,1
38011,1
38015,1
38032,1
38040,1
38043,1
38049,1
38053,1
38055,1
38066,1
38071,1
38087,1
38089,1
38093,1
38095,1
38097,1
38103,1
38108,1
38112,1
38129,1
38132,1
38144,1
38146,1
38150,1
38152,1
38153,1
38154,1
38155,1
38156,1
38157,1
38165,1
38166,1
38170,1
38174,1
38177,1
38180,1
38185,1
38187,1
38191,1
38209,1
38213,1
38218,1
38229,1
38239,1
38242,1
38243,1
38246,1
38247,1
38252,1
38258,1
38267,1
38270,1
38274,1
38276,1
38279,1
38290,1
38293,1
38299,1
38303,1
38307,1
38313,1
38314,1
38320,1
38327,1
38329,1
38330,1
38333,1
38334,1
38346,1
38358,1
38362,1
38367,1
38371,1
38391,1
38398,1
38400,1
38404,1
38405,1
38412,1
38420,1
38425,1
38428,1
38437,1
38438,1
38439,1
38440,1
38455,1
38462,1
38467,1
38470,1
38473,1
38474,1
38486,1
38497,1
38498,1
38504,1
38506,1
38529,1
38532,1
38533,1
38534,1
38538,1
38541,1
38547,1
38549,1
38556,1
38557,1
38559,1
38572,1
38575,1
38577,1
38583,1
38593,1
38599,1
38601,1
38605,1
38608,1
38609,1
38614,1
38617,1
38626,1
38639,1
38644,1
38655,1
38660,1
38667,1
38676,1
38677,1
38705,1
38717,1
38720,1
38724,1
38727,1
38733,1
38739,1
38741,1
38745,1
38747,1
38751,1
38755,1
38761,1
38763,1
38766,1
38768,1
38769,1
38781,1
38794,1
38809,1
38817,1
38831,1
38833,1
38835,1
38842,1
38844,1
38846,1
38848,1
38850,1
38857,1
38858,1
38863,1
38864,1
38871,1
38876,1
38891,1
38903,1
38916,1
38918,1
38920,1
38921,1
38923,1
38925,1
38927,1
38935,1
38936,1
38940,1
38941,1
38944,1
38947,1
38958,1
38961,1
38975,1
38978,1
38982,1
38987,1
38992,1
38997,1
39001,1
39002,1
39004,1
39006,1
39008,1
39013,1
39027,1
39033,1
39035,1
39036,1
39052,1
39054,1
39055,1
39063,1
39073,1
39077,1
39083,1
39086,1
39089,1
39090,1
39098,1
39106,1
39117,1
39118,1
39124,1
39127,1
39130,1
39138,1
39148,1
39164,1
39169,1
39173,1
39177,1
39180,1
39183,1
39188,1
39194,1
39199,1
39203,1
39208,1
39210,1
39219,1
39221,1
39223,1
39224,1
39227,1
39230,1
39234,1
39239,1
39242,1
39245,1
39246,1
39272,1
39275,1
39288,1
39291,1
39293,1
39294,1
39301,1
39308,1
39309,1
39316,1
39320,1
39326,1
39327,1
39330,1
39335,1
39347,1
39350,1
39353,1
39360,1
39368,1
39373,1
39374,1
39380,1
39388,1
39395,1
39398,1
39401,1
39403,1
39409,1
39411,1
39412,1
39415,1
39418,1
39421,1
39423,1
39424,1
39439,1
39444,1
39451,1
39458,1
39461,1
39465,1
39470,1
39471,1
39478,1
39480,1
39494,1
39496,1
39511,1
39512,1
39514,1
39516,1
39517,1
39521,1
39523,1
39531,1
39532,1
39545,1
39550,1
39554,1
39563,1
39564,1
39566,1
39570,1
39571,1
39575,1
39578,1
39590,1
39591,1
39593,1
39600,1
39612,1
39622,1
39638,1
39646,1
39647,1
39652,1
39668,1
39681,1
39683,1
39686,1
39690,1
39691,1
39693,1
39697,1
39707,1
39717,1
39720,1
39724,1
39738,1
39741,1
39746,1
39751,1
39764,1
39770,1
39772,1
39786,1
39789,1
39793,1
39805,1
39809,1
39812,1
39815,1
39816,1
39826,1
39829,1
39835,1
39837,1
39852,1
39855,1
39860,1
39879,1
39880,1
39887,1
39891,1
39892,1
39894,1
39897,1
39903,1
39915,1
39930,1
39932,1
39934,1
39935,1
39940,1
39951,1
39956,1
39964,1
39966,1
39974,1
39982,1
39983,1
39987,1
39992,1
39995,1
39996,1
40001,1
40005,1
40012,1
40020,1
40022,1
40024,1
40025,1
40028,1
40030,1
40039,1
40041,1
40042,1
40043,1
40044,1
40047,1
40067,1
40068,1
40071,1
40072,1
40075,1
40076,1
40077,1
40080,1
40083,1
40085,1
40090,1
40091,1
40093,1
40096,1
40102,1
40106,1
40116,1
40117,1
40121,1
40130,0
40135,1
40141,1
40142,1
40143,1
40154,1
40162,1
40165,1
40169,1
40170,1
40172,1
40175,1
40176,1
40178,1
40181,1
40183,1
40196,1
40200,1
40202,1
40204,1
40216,1
40221,1
40222,0
40237,1
40239,1
40247,1
40259,1
40270,1
40274,1
40275,1
40278,1
40280,1
40295,1
40319,1
40321,1
40326,1
40331,1
40352,1
40367,1
40375,1
40377,1
40378,1
40387,1
40390,1
40393,1
40396,1
40400,1
40402,1
40403,1
40407,1
40408,1
40414,1
40417,1
40422,1
40423,1
40424,1
40427,1
40439,1
40443,1
40444,1
40457,1
40464,1
40465,1
40469,1
40473,1
40475,1
40477,1
40482,1
40483,1
40484,1
40485,1
40487,1
40488,1
40500,1
40501,1
40505,1
40510,1
40525,0
40527,1
40530,1
40536,1
40539,0
40544,1
40545,1
40547,1
40551,1
40561,1
40572,1
40583,1
40586,1
40587,1
40593,1
40594,1
40596,1
40598,1
40603,1
40613,1
40617,1
40620,1
40634,1
40648,1
40649,1
40654,1
40655,1
40660,1
40662,0
40678,1
40687,1
40688,1
40693,0
40699,1
40709,1
40711,0
40727,1
40729,1
40733,1
40734,1
40735,1
40736,1
40743,1
40745,1
40753,1
40755,1
40766,1
40773,1
40780,1
40782,1
40785,1
40799,1
40809,1
40812,1
40813,1
40816,1
40818,1
40825,1
40827,0
40829,1
40831,1
40853,1
40856,1
40858,1
40862,1
40865,1
40871,1
40881,1
40882,1
40883,1
40885,1
40887,1
40888,1
40897,1
40898,1
40911,1
40930,1
40933,1
40944,1
40947,1
40951,1
40952,1
40953,1
40962,1
40973,1
40980,1
40982,1
40994,1
40997,1
41005,1
41010,1
41011,1
41028,1
41033,1
41034,1
41036,1
41040,1
41042,1
41048,1
41054,1
41057,1
41061,1
41065,1
41075,1
41083,1
41096,1
41098,1
41099,1
41102,1
41103,1
41114,1
41116,1
41121,1
41123,1
41126,1
41130,1
41131,1
41133,1
41140,1
41143,1
41144,1
41154,1
41158,1
41161,1
41167,1
41174,1
41177,1
41185,1
41186,1
